<?xml version="1.0" encoding="UTF-8" ?>
<!DOCTYPE mapper
PUBLIC "-//mybatis.org//DTD Mapper 3.0//EN"
"http://mybatis.org/dtd/mybatis-3-mapper.dtd">
<mapper namespace="notice">
	
	
	<select id="selectAllNotice" resultType="com.notice.entity.Notice">
	select no, title, content, author, to_char(writeday,'YYYY-MM-DD')writeday 
	from notice 
	order by no desc
	</select>
	
	<select id="selectDetailNotice" resultType="com.notice.entity.Notice" parameterType="int">
	select no, title, content, author, to_char(writeday,'YYYY-MM-DD')writeday 
	from notice 
	where no = #{no}
	</select>
	
	<update id="noticeUpdate" parameterType="com.notice.entity.Notice">
	 update notice 
	 set title = #{title} , content =  #{content}  
	 where no = #{no} 
	</update>
	
	<delete id="noticeDelete" parameterType="int">
	delete from notice 
	where no = #{no} 
	</delete>
</mapper>













